first_name,last_name,age,email
mark,endebigi,35,makende@test.com
ice-wallow,come,37,icewallow@test.com
mastor,bator,42,mastbte@test.com
hugh,g. rection,25,hugh@test.com
hann,jobs,15,hanjobs@test.com
ben,dover,39,bendover@test.com
lar,janus,14,larjanus@test.com
eric,shun,27,ericshun@test.com
